64.0127,42.4435,4,0.7982,5.1601,11503,11503,51.06516187,-114.144868,45.7342,0,4,16.6244,-9.2837,-9.2837,21.0852,0,0,0
63.9011,42.2682,4,0.8485,4.9196,12003,12003,51.06516015,-114.1448668,48.618,0,4,15.2723,-8.0793,-8.0793,19.8762,0,0,0
63.6229,42.2287,4,0.727,3.7506,12503,12503,51.06515788,-114.1448686,41.6567,0,4,9.3923,-3.4549,-3.4549,14.0986,0,0,0
63.3971,42.1871,4,1.02,3.8166,13003,13003,51.06515599,-114.1448699,58.4391,0,4,9.6794,-3.892,-3.892,13.7671,0,0,0
63.1451,42.2747,4,1.1734,3.6537,13503,13503,51.06515455,-114.144873,67.2329,0,4,8.9134,-3.5755,-3.5755,12.4988,0,0,0
62.75,42.35,4,1.4598,3.6057,14003,14003,51.06515198,-114.144877,83.6421,0,4,8.7594,-3.5209,-3.5209,11.8912,0,0,0
62.2201,42.3274,4,1.8312,3.5715,14503,14503,51.06514792,-114.144881,104.918,0,4,8.6222,-3.4828,-3.4828,11.5143,0,0,0
61.7954,42.2478,4,2.1668,3.553,15003,15003,51.06514435,-114.1448834,124.1472,0,4,8.4836,-3.4963,-3.4963,11.3569,0,0,0
60.6557,42.3133,4,2.2128,2.8249,15503,15503,51.06513618,-114.1448933,126.7836,0,4,6.7375,-1.1013,-1.1013,7.4456,0,0,0
60.3213,42.332,4,2.308,3.1459,16003,16003,51.06513378,-114.1448962,132.2403,0,4,8.8985,-1.2333,-1.2333,8.4343,0,0,0
58.7351,41.6535,4,2.5275,2.544,16503,16503,51.06511855,-114.1449009,144.8177,0,4,6.6508,-0.4778,-0.4778,4.6615,0,0,0
57.647,41.5437,4,2.5672,2.5781,17003,17003,51.06510988,-114.1449083,147.0884,0,4,5.972,-0.9998,-0.9998,5.1641,0,0,0
56.6033,41.2473,4,2.5218,2.3625,17503,17503,51.06510061,-114.1449131,144.4858,0,4,3.9997,-1.5833,-1.5833,4.3636,0,0,1
55.6364,41.3491,4,2.4394,2.1673,18003,18003,51.06509391,-114.1449221,139.7685,0,4,3.0856,-1.5814,-1.5814,3.5508,0,0,1
54.734,41.4761,4,2.3845,1.9428,18503,18503,51.06508782,-114.1449308,136.6239,0,4,2.4279,-1.4251,-1.4251,2.508,0,0,1
53.9429,41.6702,4,2.3506,1.7594,19003,19003,51.0650829,-114.1449394,134.6784,0,4,2.0909,-1.1902,-1.1902,1.7748,0,0,1
53.2064,41.7304,4,2.3463,1.6089,19503,19503,51.06507771,-114.144946,134.4358,0,4,1.8109,-0.9705,-0.9705,1.4205,0,0,1
52.5188,41.7312,4,2.362,1.4747,20003,20003,51.06507259,-114.1449516,135.3315,0,4,1.6869,-0.7463,-0.7463,1.0344,0,0,1
51.8634,41.6173,4,2.3701,1.3776,20503,20503,51.06506713,-114.1449554,135.7966,0,4,1.4847,-0.6472,-0.6472,0.8868,0,0,1
51.2295,41.5055,4,2.3746,1.439,21003,21003,51.06506184,-114.1449592,136.0564,0,4,1.6767,-0.7042,-0.7042,0.8482,0,0,1
50.6682,41.4833,4,2.3868,1.3852,21503,21503,51.06505755,-114.1449634,136.754,0,4,1.7011,-0.576,-0.576,0.6893,0,0,1
50.2211,41.2542,4,2.3811,1.2723,22003,22003,51.06505306,-114.1449643,136.4259,0,4,1.719,-0.3076,-0.3076,0.4862,0,0,1
49.9385,41.1224,4,2.381,1.5202,22503,22503,51.06505029,-114.144965,136.4224,0,4,2.3424,-0.5395,-0.5395,0.6424,0,0,1
49.4853,40.5113,4,2.3744,1.4105,23003,23003,51.06504384,-114.1449614,136.0445,0,4,2.3505,-0.2097,-0.2097,0.5744,0,0,1
49.0069,39.9728,4,2.3688,1.1833,23503,23503,51.06503756,-114.1449588,135.7225,0,4,1.6726,-0.12,-0.12,0.4457,0,0,1
48.6181,39.3166,4,2.3437,0.9235,24003,24003,51.06503136,-114.1449541,134.2837,0,4,0.9057,-0.126,-0.126,0.3633,0,0,1
48.0931,39.3551,4,2.3241,0.8392,24503,24503,51.06502764,-114.1449588,133.1632,0,4,0.648,-0.174,-0.174,0.3121,0,0,1
47.4896,39.5463,4,2.3187,0.8904,25003,25003,51.06502411,-114.1449659,132.8543,0,4,0.6165,-0.2844,-0.2844,0.3373,0,0,1
46.9349,39.6897,4,2.33,0.8771,25503,25503,51.06502069,-114.144972,133.5001,0,4,0.5374,-0.3101,-0.3101,0.3595,0,0,1
46.2256,40.054,4,2.3469,0.9623,26003,26003,51.06501724,-114.144982,134.4688,0,4,0.4874,-0.4283,-0.4283,0.6199,0,0,1
45.3666,40.5426,4,2.3615,0.923,26503,26503,51.06501329,-114.1449947,135.3052,0,4,0.3497,-0.4023,-0.4023,0.7626,0,0,1
44.7905,40.8725,4,2.3655,0.8575,27003,27003,51.06501065,-114.1450032,135.532,0,4,0.2792,-0.3328,-0.3328,0.7512,0,0,1
44.234,41.3197,4,2.3729,0.7235,27503,27503,51.06500875,-114.145013,135.9596,0,4,0.1682,-0.2108,-0.2108,0.6791,0,0,1
43.6527,41.8212,4,2.3794,0.7158,28003,28003,51.06500694,-114.1450236,136.3271,0,4,0.1625,-0.196,-0.196,0.7005,0,0,1
43.1433,42.217,4,2.3914,0.7264,28503,28503,51.06500513,-114.1450323,137.0184,0,4,0.1731,-0.199,-0.199,0.7168,0,0,1
42.6874,42.5605,4,2.4056,0.7397,29003,29003,51.06500346,-114.1450401,137.8283,0,4,0.1877,-0.1992,-0.1992,0.7466,0,0,1
42.2391,43.0174,4,2.4185,0.8228,29503,29503,51.06500242,-114.1450491,138.5712,0,4,0.2588,-0.1241,-0.1241,1.0347,0,0,1
41.8099,43.4489,4,2.4255,0.962,30003,30003,51.06500139,-114.1450576,138.9683,0,4,0.268,-0.0507,-0.0507,1.2929,0,0,1
41.4273,43.8736,4,2.4319,1.0217,30503,30503,51.06500067,-114.1450657,139.3362,0,4,0.2222,-0.05,-0.05,1.4853,0,0,1
40.9686,44.5,4,2.4375,1.0414,31003,31003,51.0650004,-114.1450768,139.6594,0,4,0.1933,-0.0327,-0.0327,1.5339,0,0,1
40.5216,45.0362,4,2.4398,0.9413,31503,31503,51.06499976,-114.1450868,139.7929,0,4,0.1744,-0.0704,-0.0704,1.3047,0,0,1
40.1181,45.5353,4,2.4513,0.8478,32003,32003,51.06499926,-114.1450959,140.4502,0,4,0.1726,-0.0906,-0.0906,1.0895,0,0,1
39.7331,46.0092,4,2.4612,0.8698,32503,32503,51.06499878,-114.1451046,141.0143,0,4,0.2079,-0.1541,-0.1541,1.2139,0,0,1
39.3298,46.4297,4,2.4689,0.9084,33003,33003,51.06499789,-114.1451128,141.457,0,4,0.2258,-0.1694,-0.1694,1.3265,0,0,1
39.0304,46.8622,4,2.4773,1.0156,33503,33503,51.06499783,-114.1451204,141.9413,0,4,0.2464,-0.1607,-0.1607,1.6055,0,0,1
38.7549,47.3234,4,2.4786,1.1392,34003,34003,51.06499809,-114.145128,142.013,0,4,0.3097,-0.1588,-0.1588,1.9616,0,0,1
38.5453,47.8184,4,2.4807,1.3606,34503,34503,51.06499902,-114.1451356,142.1327,0,4,0.3736,-0.2549,-0.2549,2.8672,0,0,1
38.3206,48.2541,4,2.4922,1.5027,35003,35003,51.06499954,-114.1451426,142.7943,0,4,0.309,-0.2553,-0.2553,3.4891,0,0,1
38.1601,48.7773,4,2.4926,1.0811,35503,35503,51.06500097,-114.14515,142.8149,0,4,0.433,-0.1018,-0.1018,1.6408,0,0,1
38.2593,49.1779,4,2.5012,1.1649,36003,36003,51.06500372,-114.145154,143.3067,0,4,0.5726,-0.1094,-0.1094,1.8616,0,0,1
38.5314,49.554,4,2.5085,0.9622,36503,36503,51.06500764,-114.1451563,143.7282,0,4,0.4679,-0.0128,-0.0128,1.1514,0,0,1
38.9837,49.9004,4,2.5104,1.0092,37003,37003,51.06501276,-114.1451568,143.8363,0,4,0.6122,-0.1505,-0.1505,1.4063,0,0,1
39.4716,50.3163,4,2.5109,0.9164,37503,37503,51.06501849,-114.1451578,143.8665,0,4,0.6197,-0.1293,-0.1293,0.94,0,0,1
40.0057,50.6799,4,2.5155,1.1272,38003,38003,51.0650243,-114.1451579,144.1289,0,4,0.7366,-0.3454,-0.3454,1.4201,0,0,1
40.4995,50.934,4,2.5215,1.2698,38503,38503,51.06502926,-114.1451569,144.4719,0,4,0.7705,-0.5424,-0.5424,1.8542,0,0,1
41.0415,51.2078,4,2.5217,1.3493,39003,39003,51.06503468,-114.1451558,144.4848,0,4,0.9196,-0.5877,-0.5877,2.0587,0,0,1
41.7201,51.4151,4,2.5182,1.3478,39503,39503,51.06504078,-114.1451529,144.2812,0,4,0.9824,-0.4603,-0.4603,2.2849,0,0,1
42.4011,51.7005,4,2.5033,1.3817,40003,40003,51.06504729,-114.1451508,143.4306,0,4,1.0748,-0.6029,-0.6029,1.9549,0,0,1
42.968,52.056,4,2.4967,1.21,40503,40503,51.0650533,-114.1451505,143.0477,0,4,0.9804,-0.4398,-0.4398,1.2234,0,0,1
43.462,52.4597,4,2.4942,1.06,41003,41003,51.06505902,-114.1451513,142.9053,0,4,0.8072,-0.3488,-0.3488,0.7849,0,0,1
43.6501,52.8638,4,2.4855,0.9515,41503,41503,51.06506245,-114.1451546,142.4085,0,4,0.7048,-0.2338,-0.2338,0.6528,0,0,1
43.9374,53.6275,4,2.4879,0.7531,42003,42003,51.06506844,-114.1451614,142.5451,0,4,0.3804,-0.0394,-0.0394,0.7051,0,0,1
43.8648,54.3876,4,2.4995,0.506,42503,42503,51.06507172,-114.145171,143.2115,0,4,0.1403,0.0324,0.0324,0.265,0,0,1
43.5681,54.9091,4,2.506,0.4637,43003,43003,51.06507213,-114.1451795,143.584,0,4,0.1194,0.0046,0.0046,0.2523,0,0,1
43.1695,55.1618,4,2.5043,0.4694,43503,43503,51.06507043,-114.1451857,143.4839,0,4,0.1862,-0.015,-0.015,0.2508,0,0,1
42.5884,55.1933,4,2.5014,0.5795,44003,44003,51.06506625,-114.1451907,143.319,0,4,0.346,-0.0298,-0.0298,0.225,0,0,1
41.7742,55.0088,4,2.5197,0.6185,44503,44503,51.06505925,-114.1451951,144.3695,0,4,0.4341,-0.0198,-0.0198,0.2104,0,0,1
41.2079,54.759,4,2.5226,0.6916,45003,45003,51.06505377,-114.1451966,144.5316,0,4,0.5943,-0.0004,-0.0004,0.2223,0,0,1
40.7729,54.5762,4,2.5116,0.7471,45503,45503,51.06504961,-114.1451979,143.9034,0,4,0.635,-0.0503,-0.0503,0.2403,0,0,1
40.2964,54.3974,4,2.5031,0.7303,46003,46003,51.06504516,-114.1451996,143.4159,0,4,0.5829,-0.0643,-0.0643,0.2337,0,0,1
39.8907,54.3471,4,2.4904,0.6701,46503,46503,51.06504188,-114.1452023,142.6917,0,4,0.4445,-0.1164,-0.1164,0.1137,0,0,1
39.6926,54.2672,4,2.4829,0.7661,47003,47003,51.06504,-114.1452029,142.259,0,4,0.6342,-0.1127,-0.1127,0.1489,0,0,1
39.5493,54.2452,4,2.4784,0.7423,47503,47503,51.06503882,-114.1452038,142.0032,0,4,0.5648,-0.139,-0.139,0.1088,0,0,1
38.9961,54.049,4,2.4824,0.8071,48003,48003,51.06503371,-114.1452059,142.2304,0,4,0.6824,-0.143,-0.143,0.159,0,0,1
38.5975,53.8718,4,2.498,0.9021,48503,48503,51.06502985,-114.145207,143.127,0,4,0.813,-0.199,-0.199,0.2252,0,0,1
38.6768,53.9264,4,2.5007,0.8851,49003,49003,51.06503072,-114.145207,143.2792,0,4,0.8101,-0.1895,-0.1895,0.1629,0,0,1
38.6814,53.9255,4,2.5042,0.89,49503,49503,51.06503075,-114.145207,143.4809,0,4,0.8162,-0.193,-0.193,0.1668,0,0,1
38.6838,53.9262,4,2.5072,0.8893,50003,50003,51.06503077,-114.1452069,143.6545,0,4,0.8149,-0.1929,-0.1929,0.1664,0,0,1
38.6905,53.9246,4,2.5108,0.8952,50503,50503,51.06503081,-114.1452069,143.859,0,4,0.8205,-0.1969,-0.1969,0.1754,0,0,1
38.6902,53.9235,4,2.5145,0.895,51003,51003,51.0650308,-114.1452069,144.0711,0,4,0.8199,-0.197,-0.197,0.1753,0,0,1
38.6996,53.9259,4,2.5165,0.9036,51503,51503,51.06503088,-114.1452068,144.1859,0,4,0.8329,-0.202,-0.202,0.1811,0,0,1
38.6994,53.9252,4,2.5189,0.9036,52003,52003,51.06503088,-114.1452068,144.3226,0,4,0.8332,-0.202,-0.202,0.181,0,0,1
38.7043,53.9254,4,2.5212,0.9101,52503,52503,51.06503092,-114.1452068,144.4541,0,4,0.842,-0.2061,-0.2061,0.1872,0,0,1
38.7053,53.925,4,2.5236,0.9106,53003,53003,51.06503092,-114.1452068,144.5935,0,4,0.8429,-0.2064,-0.2064,0.1873,0,0,1
38.7109,53.925,4,2.5256,0.918,53503,53503,51.06503096,-114.1452067,144.7066,0,4,0.853,-0.2111,-0.2111,0.1939,0,0,1
38.7125,53.9257,4,2.5272,0.9178,54003,54003,51.06503098,-114.1452067,144.7971,0,4,0.8533,-0.2107,-0.2107,0.1937,0,0,1
38.7186,53.9256,4,2.5286,0.9249,54503,54503,51.06503102,-114.1452067,144.879,0,4,0.8629,-0.2151,-0.2151,0.2009,0,0,1
38.7216,53.9262,4,2.5317,0.926,55003,55003,51.06503105,-114.1452066,145.0565,0,4,0.8653,-0.2156,-0.2156,0.201,0,0,1
38.7287,53.9261,4,2.5341,0.9361,55503,55503,51.0650311,-114.1452066,145.1943,0,4,0.8798,-0.2226,-0.2226,0.2086,0,0,1
38.7296,53.9268,4,2.5376,0.935,56003,56003,51.06503111,-114.1452066,145.391,0,4,0.8779,-0.2218,-0.2218,0.2081,0,0,1
38.736,53.9269,4,2.5402,0.9434,56503,56503,51.06503116,-114.1452065,145.5408,0,4,0.8895,-0.2275,-0.2275,0.2168,0,0,1
38.736,53.9264,4,2.5418,0.9431,57003,57003,51.06503116,-114.1452065,145.6353,0,4,0.8889,-0.2271,-0.2271,0.2169,0,0,1
38.7431,53.9259,4,2.5439,0.9527,57503,57503,51.06503121,-114.1452065,145.7549,0,4,0.9027,-0.2335,-0.2335,0.2261,0,0,1
38.7426,53.9251,4,2.5466,0.9532,58003,58003,51.0650312,-114.1452065,145.9083,0,4,0.9032,-0.2341,-0.2341,0.2264,0,0,1
38.7513,53.9251,4,2.548,0.9629,58503,58503,51.06503127,-114.1452064,145.9921,0,4,0.9168,-0.2408,-0.2408,0.2361,0,0,1
38.752,53.9248,4,2.5506,0.9632,59003,59003,51.06503127,-114.1452064,146.1397,0,4,0.9171,-0.2411,-0.2411,0.2362,0,0,1
38.761,53.9249,4,2.5528,0.9737,59503,59503,51.06503134,-114.1452063,146.2674,0,4,0.932,-0.2484,-0.2484,0.2472,0,0,1
38.7619,53.9252,4,2.5537,0.973,60003,60003,51.06503134,-114.1452063,146.3156,0,4,0.9313,-0.2476,-0.2476,0.2465,0,0,1
38.7705,53.9244,4,2.5559,0.9846,60503,60503,51.06503141,-114.1452062,146.4411,0,4,0.948,-0.2555,-0.2555,0.2587,0,0,1
38.7713,53.9243,4,2.5557,0.9842,61003,61003,51.06503141,-114.1452062,146.4314,0,4,0.9474,-0.2551,-0.2551,0.2588,0,0,1
38.7809,53.9227,4,2.5574,0.997,61503,61503,51.06503147,-114.1452061,146.5259,0,4,0.9671,-0.2635,-0.2635,0.2721,0,0,1
38.7821,53.9233,4,2.557,0.9968,62003,62003,51.06503149,-114.1452061,146.5033,0,4,0.9679,-0.2627,-0.2627,0.2714,0,0,1
38.7938,53.9235,4,2.557,1.0096,62503,62503,51.06503157,-114.145206,146.504,0,4,0.9867,-0.2718,-0.2718,0.2854,0,0,1
38.7934,53.9231,4,2.5563,1.0089,63003,63003,51.06503157,-114.145206,146.4628,0,4,0.9855,-0.2711,-0.2711,0.2849,0,0,1
38.8038,53.9216,4,2.5562,1.0226,63503,63503,51.06503164,-114.1452059,146.4567,0,4,1.0059,-0.2809,-0.2809,0.3003,0,0,1
38.804,53.9216,4,2.5604,1.0226,64003,64003,51.06503164,-114.1452059,146.7014,0,4,1.006,-0.2807,-0.2807,0.3004,0,0,1
38.8161,53.9211,4,2.5665,1.0367,64503,64503,51.06503173,-114.1452058,147.0519,0,4,1.0277,-0.2908,-0.2908,0.316,0,0,1
38.817,53.9213,4,2.5799,1.0362,65003,65003,51.06503174,-114.1452058,147.8158,0,4,1.0271,-0.2902,-0.2902,0.3155,0,0,1
38.8294,53.9204,4,2.5968,1.051,65503,65503,51.06503182,-114.1452057,148.7857,0,4,1.0501,-0.301,-0.301,0.3321,0,0,1
38.8298,53.9207,4,2.6148,1.0505,66003,66003,51.06503183,-114.1452057,149.8193,0,4,1.0495,-0.3004,-0.3004,0.3318,0,0,1
38.9742,53.9255,4,2.6194,1.0133,66503,66503,51.06503293,-114.1452046,150.0796,0,4,1.0394,-0.2571,-0.2571,0.2369,0,0,1
38.8888,53.5838,4,2.631,1.0898,67003,67003,51.06503057,-114.1452012,150.7469,0,4,1.1907,-0.277,-0.277,0.3596,0,0,1
38.55,53.15,4,2.6202,1.1193,67503,67503,51.06502587,-114.1451988,150.1263,0,4,1.1882,-0.2177,-0.2177,0.7557,0,0,1
38.35,52.35,4,2.6122,1.2186,68003,68003,51.06502035,-114.1451909,149.6671,0,4,1.1232,0.0561,0.0561,1.591,0,0,1
38.5539,51.1354,4,2.6049,1.2944,68503,68503,51.06501576,-114.1451749,149.2501,0,4,1.0084,0.2155,0.2155,1.6881,0,0,1
38.4729,50.0783,4,2.6089,1.13,69003,69003,51.06500984,-114.145163,149.4817,0,4,0.8684,0.2934,0.2934,1.067,0,0,1
38.4613,49.9855,4,2.61,1.0441,69503,69503,51.06500929,-114.145162,149.5443,0,4,0.8313,0.2436,0.2436,0.8792,0,0,1
38.4611,49.985,4,2.6121,1.0432,70003,70003,51.06500929,-114.145162,149.6604,0,4,0.8307,0.2433,0.2433,0.8771,0,0,1
38.4615,49.9837,4,2.6107,1.0418,70503,70503,51.06500928,-114.1451619,149.58,0,4,0.8309,0.2424,0.2424,0.8742,0,0,1
38.4616,49.9856,4,2.6075,1.0413,71003,71003,51.06500929,-114.145162,149.3966,0,4,0.8319,0.2415,0.2415,0.8734,0,0,1
38.4628,49.9816,4,2.6047,1.0398,71503,71503,51.06500928,-114.1451619,149.2362,0,4,0.8315,0.2409,0.2409,0.8698,0,0,1
38.4617,49.9785,4,2.5974,1.0391,72003,72003,51.06500926,-114.1451619,148.8202,0,4,0.8317,0.2411,0.2411,0.8673,0,0,1
38.462,49.9782,4,2.595,1.039,72503,72503,51.06500926,-114.1451619,148.6851,0,4,0.8316,0.2413,0.2413,0.8668,0,0,1
38.5131,49.8582,4,2.5918,1.097,73003,73003,51.06500904,-114.14516,148.4991,0,4,0.741,0.3869,0.3869,0.892,0,0,1
38.7167,49.4648,4,2.5935,1.2324,73503,73503,51.06500858,-114.1451538,148.596,0,4,0.863,0.5745,0.5745,1.042,0,0,1
38.6954,49.4412,4,2.5916,1.3038,74003,74003,51.0650083,-114.1451536,148.4878,0,4,0.88,0.6726,0.6726,1.1656,0,0,1
38.6917,49.4304,4,2.5796,1.2976,74503,74503,51.06500822,-114.1451535,147.7976,0,4,0.8817,0.6641,0.6641,1.1527,0,0,1
38.6899,49.4278,4,2.5626,1.299,75003,75003,51.06500819,-114.1451535,146.8234,0,4,0.8802,0.6666,0.6666,1.1555,0,0,1
38.6866,49.4131,4,2.5467,1.2903,75503,75503,51.06500809,-114.1451534,145.9136,0,4,0.8802,0.6552,0.6552,1.1381,0,0,1
38.6859,49.4125,4,2.5368,1.2907,76003,76003,51.06500808,-114.1451534,145.3496,0,4,0.8796,0.6558,0.6558,1.139,0,0,1
38.9387,49.0248,4,2.5269,1.5212,76503,76503,51.06500802,-114.1451468,144.7802,0,4,1.1457,0.5769,0.5769,2.0676,0,0,1
38.75,48.35,4,2.5497,1.7978,77003,77003,51.06500322,-114.1451403,146.0878,0,4,1.4146,0.4686,0.4686,3.4296,0,0,1
39.25,47.55,4,2.5822,1.7979,77503,77503,51.06500292,-114.1451268,147.9499,0,4,1.1986,0.7844,0.7844,3.1,0,0,1
39.8186,46.7441,4,2.6109,1.7935,78003,78003,51.06500311,-114.1451127,149.5962,0,4,1.0533,0.568,0.568,3.4344,0,0,1
39.8047,46.6599,4,2.6199,1.669,78503,78503,51.06500258,-114.1451118,150.1083,0,4,0.8899,0.5793,0.5793,2.8664,0,0,1
39.8024,46.644,4,2.6117,1.6555,79003,79003,51.06500249,-114.1451116,149.6387,0,4,0.8677,0.5569,0.5569,2.8413,0,0,1
39.8051,46.6233,4,2.6044,1.638,79503,79503,51.0650024,-114.1451113,149.2237,0,4,0.855,0.518,0.518,2.8159,0,0,1
39.8046,46.6237,4,2.6036,1.6375,80003,80003,51.0650024,-114.1451113,149.1739,0,4,0.8554,0.5184,0.5184,2.8129,0,0,1
39.8096,46.6051,4,2.5997,1.6211,80503,80503,51.06500234,-114.1451111,148.9544,0,4,0.8478,0.4878,0.4878,2.7799,0,0,1
39.8092,46.6069,4,2.5928,1.6242,81003,81003,51.06500235,-114.1451111,148.5571,0,4,0.851,0.4929,0.4929,2.786,0,0,1
39.809,46.6079,4,2.5728,1.6241,81503,81503,51.06500235,-114.1451111,147.4085,0,4,0.8506,0.4947,0.4947,2.7835,0,0,1
39.8093,46.6057,4,2.5401,1.6225,82003,82003,51.06500234,-114.1451111,145.5382,0,4,0.8489,0.4926,0.4926,2.7795,0,0,1
40.1208,46.3867,4,2.5116,1.8963,82503,82503,51.06500357,-114.145106,143.9046,0,4,0.9923,0.5707,0.5707,4.0108,0,0,1
40.6955,46.2281,4,2.4622,2.5202,83003,83003,51.06500705,-114.1450995,141.0735,0,4,1.5249,0.6274,0.6274,7.701,0,0,1
41.1957,46.6468,4,2.4048,3.3482,83503,83503,51.06501289,-114.1451005,137.787,0,4,2.623,0.8572,0.8572,13.9614,0,0,1
42.218,47.0646,4,2.3593,4.3805,84003,84003,51.06502261,-114.1450973,135.1786,0,4,4.1194,0.3179,0.3179,25.6159,0,0,1
42.734,48.0795,4,2.3378,4.598,84503,84503,51.06503156,-114.1451052,133.9454,0,4,4.0214,-0.1188,-0.1188,29.0911,0,0,1
43.0799,49.1707,4,2.327,4.3756,85003,85003,51.06503963,-114.1451153,133.3278,0,4,3.3396,-0.2175,-0.2175,26.6306,0,0,1
43.4711,49.8891,4,2.3299,4.0044,85503,85503,51.06504616,-114.1451207,133.4952,0,4,2.7919,-0.2831,-0.2831,22.4418,0,0,1
43.8345,50.183,4,2.335,3.869,86003,86003,51.06505035,-114.1451213,133.7849,0,4,2.5967,-0.5001,-0.5001,21.2731,0,0,1
44.35,49.95,4,2.3497,3.6402,86503,86503,51.06505302,-114.1451144,134.6276,0,4,2.4854,-0.8605,-0.8605,19.6344,0,0,1
44.35,49.85,4,2.381,3.8493,87003,87003,51.06505251,-114.1451132,136.4188,0,4,2.8741,-1.8112,-1.8112,22.8922,0,0,1
45.6994,49.9495,4,2.4089,4.1394,87503,87503,51.06506308,-114.1451036,138.0176,0,4,2.4336,-3.0789,-3.0789,27.9766,0,0,1
46.3737,49.3402,4,2.4455,4.543,88003,88003,51.06506504,-114.145091,140.1188,0,4,2.8811,-4.7545,-4.7545,35.1315,0,0,1
47.55,48.65,4,2.4755,4.948,88503,88503,51.06507034,-114.1450734,141.8372,0,4,3.7039,-7.4285,-7.4285,44.0363,0,0,1
48.3378,47.5862,4,2.5017,5.2632,89003,89003,51.06507086,-114.1450545,143.3352,0,4,4.4428,-9.7252,-9.7252,49.987,0,0,1
49.4873,46.6722,4,2.5175,5.6455,89503,89503,51.06507484,-114.1450344,144.2442,0,4,5.2801,-12.2528,-12.2528,53.9889,0,0,1
50.8129,45.6815,4,2.5262,5.92,90003,90003,51.06507974,-114.1450121,144.7378,0,4,6.2338,-14.5788,-14.5788,55.1477,0,0,1
56.0886,41.5081,4,2.5234,1.5197,90503,90503,51.06509808,-114.1449203,144.5794,0,4,1.7056,-0.8409,-0.8409,1.1437,0,0,1
56.6185,41.5001,4,2.5292,1.5179,91003,91003,51.06510199,-114.144916,144.9112,0,4,1.6645,-0.8878,-0.8878,1.077,0,0,1
57.2552,41.4222,4,2.5343,1.3162,91503,91503,51.06510635,-114.14491,145.2034,0,4,1.2403,-0.6947,-0.6947,0.7546,0,0,1
57.7984,41.4523,4,2.5392,1.3475,92003,92003,51.06511055,-114.144906,145.4873,0,4,1.3998,-0.7033,-0.7033,0.6449,0,0,1
58.4118,41.4719,4,2.5412,1.406,92503,92503,51.06511522,-114.1449013,145.6004,0,4,1.5821,-0.7522,-0.7522,0.6139,0,0,1
59.0768,41.5166,4,2.557,1.407,93003,93003,51.06512041,-114.1448965,146.5039,0,4,1.5993,-0.7549,-0.7549,0.5772,0,0,1
59.67,41.5785,4,2.5692,1.3286,93503,93503,51.06512514,-114.1448925,147.2015,0,4,1.4003,-0.6854,-0.6854,0.5352,0,0,1
60.0849,41.6338,4,2.5778,1.2046,94003,94003,51.06512851,-114.1448899,147.6943,0,4,1.1235,-0.554,-0.554,0.5285,0,0,1
60.09,41.6262,4,2.5821,1.1502,94503,94503,51.06512851,-114.1448897,147.9437,0,4,1.0106,-0.5119,-0.5119,0.4918,0,0,1
60.0905,41.6268,4,2.5791,1.149,95003,95003,51.06512852,-114.1448897,147.7742,0,4,1.0094,-0.5105,-0.5105,0.4897,0,0,1
60.0907,41.6268,4,2.5771,1.1495,95503,95503,51.06512852,-114.1448897,147.6582,0,4,1.0108,-0.5107,-0.5107,0.4896,0,0,1
60.0905,41.6268,4,2.577,1.1499,96003,96003,51.06512852,-114.1448897,147.6506,0,4,1.0114,-0.5112,-0.5112,0.4898,0,0,1
60.0912,41.6274,4,2.5746,1.1492,96503,96503,51.06512853,-114.1448897,147.5163,0,4,1.0107,-0.5102,-0.5102,0.489,0,0,1
60.0913,41.6273,4,2.5727,1.1491,97003,97003,51.06512853,-114.1448897,147.4071,0,4,1.0104,-0.5101,-0.5101,0.4892,0,0,1
60.0911,41.6273,4,2.5712,1.1495,97503,97503,51.06512852,-114.1448897,147.3209,0,4,1.0112,-0.5104,-0.5104,0.4894,0,0,1
60.0908,41.6268,4,2.5706,1.1491,98003,98003,51.06512852,-114.1448897,147.2839,0,4,1.0121,-0.5105,-0.5105,0.4848,0,0,1
60.0909,41.6262,4,2.5687,1.1491,98503,98503,51.06512852,-114.1448897,147.1732,0,4,1.0123,-0.5104,-0.5104,0.4844,0,0,1
60.0904,41.626,4,2.5668,1.149,99003,99003,51.06512851,-114.1448897,147.0689,0,4,1.0119,-0.5105,-0.5105,0.4845,0,0,1
60.0897,41.6251,4,2.5648,1.1486,99503,99503,51.0651285,-114.1448897,146.9512,0,4,1.0115,-0.5098,-0.5098,0.4841,0,0,1
60.0902,41.6254,4,2.5622,1.1486,100003,100003,51.06512851,-114.1448897,146.8038,0,4,1.012,-0.5095,-0.5095,0.4838,0,0,1
60.0888,41.6255,4,2.5602,1.1486,100503,100503,51.0651285,-114.1448897,146.6871,0,4,1.013,-0.5092,-0.5092,0.483,0,0,1
60.0902,41.6259,4,2.5587,1.1488,101003,101003,51.06512851,-114.1448897,146.6003,0,4,1.0132,-0.5094,-0.5094,0.4829,0,0,1
60.0894,41.6271,4,2.5571,1.1486,101503,101503,51.06512851,-114.1448897,146.5133,0,4,1.013,-0.5091,-0.5091,0.4828,0,0,1
60.0886,41.6274,4,2.558,1.1488,102003,102003,51.06512851,-114.1448897,146.5606,0,4,1.0137,-0.5093,-0.5093,0.4822,0,0,1
60.0879,41.6271,4,2.5568,1.1489,102503,102503,51.0651285,-114.1448897,146.4923,0,4,1.014,-0.5093,-0.5093,0.4824,0,0,1
60.0882,41.6271,4,2.5572,1.149,103003,103003,51.0651285,-114.1448897,146.514,0,4,1.0144,-0.5092,-0.5092,0.4823,0,0,1
60.0873,41.6272,4,2.5586,1.1496,103503,103503,51.0651285,-114.1448898,146.5982,0,4,1.0153,-0.5099,-0.5099,0.4828,0,0,1
60.0872,41.627,4,2.5589,1.1497,104003,104003,51.06512849,-114.1448898,146.6153,0,4,1.0154,-0.5101,-0.5101,0.483,0,0,1
60.087,41.627,4,2.5591,1.15,104503,104503,51.06512849,-114.1448898,146.6254,0,4,1.0157,-0.5104,-0.5104,0.4835,0,0,1
60.0869,41.6272,4,2.558,1.1498,105003,105003,51.06512849,-114.1448898,146.5646,0,4,1.0154,-0.5101,-0.5101,0.4836,0,0,1
60.0868,41.6272,4,2.558,1.15,105503,105503,51.06512849,-114.1448898,146.5603,0,4,1.016,-0.5101,-0.5101,0.4837,0,0,1
60.0864,41.6262,4,2.5586,1.1509,106003,106003,51.06512848,-114.1448897,146.5975,0,4,1.0172,-0.5113,-0.5113,0.4839,0,0,1
60.0851,41.6263,4,2.5586,1.1516,106503,106503,51.06512847,-114.1448898,146.5945,0,4,1.0187,-0.5119,-0.5119,0.4842,0,0,1
60.0854,41.6258,4,2.5577,1.1516,107003,107003,51.06512847,-114.1448898,146.5455,0,4,1.0186,-0.512,-0.512,0.4841,0,0,1
60.0861,41.6261,4,2.5582,1.1509,107503,107503,51.06512848,-114.1448897,146.5764,0,4,1.0177,-0.5111,-0.5111,0.4833,0,0,1
60.0859,41.6261,4,2.5597,1.1507,108003,108003,51.06512848,-114.1448898,146.6613,0,4,1.0175,-0.511,-0.511,0.4834,0,0,1
60.0851,41.6266,4,2.5693,1.1508,108503,108503,51.06512848,-114.1448898,147.212,0,4,1.0179,-0.5109,-0.5109,0.483,0,0,1
60.0837,41.6249,4,2.5822,1.1513,109003,109003,51.06512846,-114.1448898,147.9515,0,4,1.0187,-0.5117,-0.5117,0.483,0,0,1
60.084,41.6256,4,2.6084,1.1503,109503,109503,51.06512846,-114.1448898,149.4514,0,4,1.0166,-0.5107,-0.5107,0.4826,0,0,1
60.0837,41.6257,4,2.6289,1.1504,110003,110003,51.06512846,-114.1448898,150.6255,0,4,1.0169,-0.5109,-0.5109,0.4826,0,0,1
60.0907,41.6392,4,2.6411,1.1534,110503,110503,51.06512858,-114.1448899,151.3246,0,4,1.0469,-0.5038,-0.5038,0.4598,0,0,1
60.8081,41.656,4,2.6303,1.1495,111003,111003,51.06513401,-114.1448843,150.7051,0,4,0.9887,-0.5125,-0.5125,0.5331,0,0,1
61.6597,41.6565,4,2.6064,1.1913,111503,111503,51.06514037,-114.1448775,149.3376,0,4,1.022,-0.5721,-0.5721,0.5956,0,0,1
62.774,41.6696,4,2.5742,1.1998,112003,112003,51.06514874,-114.1448688,147.4902,0,4,1.0141,-0.5835,-0.5835,0.6441,0,0,1
63.8541,41.6505,4,2.5446,0.9651,112503,112503,51.0651567,-114.1448599,145.7931,0,4,0.6548,-0.3806,-0.3806,0.4107,0,0,1
64.5442,41.6633,4,2.5327,1.1585,113003,113003,51.06516191,-114.1448545,145.1132,0,4,0.8614,-0.5639,-0.5639,0.7267,0,0,1
65.2976,41.5943,4,2.5254,0.9262,113503,113503,51.06516718,-114.1448477,144.6974,0,4,0.5778,-0.3503,-0.3503,0.4348,0,0,1
66.0749,41.5484,4,2.5228,0.9984,114003,114003,51.06517274,-114.1448409,144.5434,0,4,0.69,-0.3945,-0.3945,0.5014,0,0,1
66.6004,41.5299,4,2.5197,0.9381,114503,114503,51.06517657,-114.1448365,144.3682,0,4,0.6177,-0.3665,-0.3665,0.3699,0,0,1
67.2784,41.5465,4,2.5251,1.0773,115003,115003,51.0651817,-114.1448313,144.6759,0,4,0.7891,-0.4745,-0.4745,0.5702,0,0,1
67.6551,41.5602,4,2.5405,1.1333,115503,115503,51.06518458,-114.1448284,145.5606,0,4,0.9364,-0.5207,-0.5207,0.5054,0,0,1
68.2152,41.5857,4,2.5534,1.3646,116003,116003,51.06518889,-114.1448242,146.3014,0,4,1.3151,-0.7355,-0.7355,0.8835,0,0,1
68.6804,41.5995,4,2.5695,1.5094,116503,116503,51.06519242,-114.1448207,147.2211,0,4,1.5269,-0.9414,-0.9414,1.1383,0,0,1
69.2579,41.6176,4,2.5761,1.6506,117003,117003,51.06519682,-114.1448163,147.599,0,4,1.8203,-1.1428,-1.1428,1.3233,0,0,1
69.1965,41.6165,4,2.5721,1.6324,117503,117503,51.06519636,-114.1448167,147.3676,0,4,1.7691,-1.1357,-1.1357,1.2655,0,0,1
69.2008,41.6165,4,2.559,1.6319,118003,118003,51.06519639,-114.1448167,146.6209,0,4,1.7676,-1.1354,-1.1354,1.2641,0,0,1
69.1959,41.6176,4,2.5671,1.6326,118503,118503,51.06519636,-114.1448168,147.0817,0,4,1.7686,-1.1361,-1.1361,1.268,0,0,1
69.1949,41.6184,4,2.5916,1.6326,119003,119003,51.06519635,-114.1448168,148.4875,0,4,1.7696,-1.1358,-1.1358,1.266,0,0,1
69.6448,41.5695,4,2.595,1.4266,119503,119503,51.06519946,-114.1448126,148.6798,0,4,1.4678,-0.878,-0.878,0.679,0,0,1
70.1456,41.5661,4,2.6044,1.4325,120003,120003,51.06520318,-114.1448085,149.2183,0,4,1.4462,-0.8962,-0.8962,0.7261,0,0,1
70.7539,41.5652,4,2.6163,1.3896,120503,120503,51.06520771,-114.1448037,149.9035,0,4,1.3411,-0.8529,-0.8529,0.6983,0,0,1
71.1508,41.6065,4,2.6348,1.3358,121003,121003,51.06521088,-114.144801,150.9651,0,4,1.277,-0.7498,-0.7498,0.6763,0,0,1
